Post ID,Title,Author,Flair,Created Date,Text (Preview),Permalink,URL
1s43bvf,Side to side hip/leg joint movement is loose but front and backward movement is tight,Borjz,Quality Issues,2026-03-26T10:06:01.000Z,"So I got the new Monster Hunter Zinogre armor revoltech, everything's fine but the horizontal movement of the legs. Any time I try to do a wide stand pose, he just does the splits. However the front and back movement is really tight. Is there any way to fix this?",/r/AmazingYamaguchi/comments/1s43bvf/side_to_side_hipleg_joint_movement_is_loose_but/,https://i.redd.it/vehqa83p5drg1.jpeg
1s2rlcb,Agent venoms Chest splitting apart??,peterporker0_0,Quality Issues,2026-03-24T21:48:38.000Z,"Hello! I was picking up my agent venom, he feel off my shelf not to high up and on carpeted floor when I sleeping but anyway, I went to repose him just not and I noticed it looks like his chest is coming apart, I honestly don’t know if this was here originally, I’m very thorough with checking my figures but tbh this would not have been something that I was keeping an eye out for.  If Anybody else with this issue or has seen it before and can tell me their experience I would greatly appreciate it",/r/AmazingYamaguchi/comments/1s2rlcb/agent_venoms_chest_splitting_apart/,https://i.redd.it/c5d0uj49d2rg1.jpeg
1s1wb8n,NG3 Ayane QC question,zgrobbot,Quality Issues,2026-03-23T22:48:50.000Z,"So I recently got my Ayane figure(she’s great). Unfortunately there are a few QC issues. I fixed her one joint that was stiff, but her entire pelvis is really loose. I’ve seen videos of people removing the legs but I wasn’t sure how you get to that specific area to apply the polyurethane?   I don’t just want to start popping off joints I don’t need to but I really have no idea where to start. Any help would be appreciated. ",/r/AmazingYamaguchi/comments/1s1wb8n/ng3_ayane_qc_question/,https://www.reddit.com/r/AmazingYamaguchi/comments/1s1wb8n/ng3_ayane_qc_question/
1rz7hm6,Anyone know how I can fix the hip ball joint on my revoltech all might tighten it,Plenty_Play2130,Quality Issues,2026-03-20T20:34:39.000Z,"Anyone know how I can fix the hip ball joint on my revoltech all might tighten it, no idea how I can fix it but any suggestions help",/r/AmazingYamaguchi/comments/1rz7hm6/anyone_know_how_i_can_fix_the_hip_ball_joint_on/,https://i.redd.it/kl93pnneg9qg1.jpeg
1rys6b1,I think my first Revoltech figure came with a rather nasty defect...,Wandering_Shut_in,Quality Issues,2026-03-20T10:01:08.000Z,,/r/AmazingYamaguchi/comments/1rys6b1/i_think_my_first_revoltech_figure_came_with_a/,https://i.redd.it/6ip1onjfa6qg1.jpeg
1ruzu4u,Broken Batman Beyond,marcus__daniel,Quality Issues,2026-03-16T04:29:25.000Z,Anyone have a right arm or right shoulder they can spare for revo Batman Beyond?? 🙇‍♂️  Or does anyone have this figure and the AC toys cable arms and know if they look good on this figure?? 🤔,/r/AmazingYamaguchi/comments/1ruzu4u/broken_batman_beyond/,https://www.reddit.com/gallery/1ruzu4u
1ruvqqe,Need help fixing loose hand,National-Flamingo637,Quality Issues,2026-03-16T01:13:15.000Z,The hand keeps falling off whenever i try to turn it and its easy to pull out.,/r/AmazingYamaguchi/comments/1ruvqqe/need_help_fixing_loose_hand/,https://i.redd.it/808fowhj5bpg1.jpeg
1ro1oqe,New Deku revoltech QC problem,Calm-Way2636,Quality Issues,2026-03-08T10:37:56.000Z,"I just recently got a deku revoltech figure and the moment I bent the wrist it came off and doesn’t seem to want to stay in when I plug it back in the socket, any tips on fixing this issue? ",/r/AmazingYamaguchi/comments/1ro1oqe/new_deku_revoltech_qc_problem/,https://i.redd.it/x4m1h830vsng1.jpeg
1rm3wfv,What do I do,Choice_Weather_7707,Quality Issues,2026-03-06T04:14:15.000Z,,/r/AmazingYamaguchi/comments/1rm3wfv/what_do_i_do/,https://i.redd.it/kkyf15aqocng1.jpeg
1rg90c1,Hey guys I got this revoltech bakugo on eBay and I’m having a major issue with the fist and the peg on the right arm. The fisted hand doesn’t fit and stay in the peg should I refund him?,Alexhaddad400,Quality Issues,2026-02-27T15:01:52.000Z,,/r/AmazingYamaguchi/comments/1rg90c1/hey_guys_i_got_this_revoltech_bakugo_on_ebay_and/,https://v.redd.it/ptt9rnztx1mg1
1r5jyql,My first Revoltech and i got hit with this🥀,foruzontomato,Quality Issues,2026-02-15T17:09:58.000Z,Mind you that preordered this on 2024🥀🪦,/r/AmazingYamaguchi/comments/1r5jyql/my_first_revoltech_and_i_got_hit_with_this/,https://www.reddit.com/gallery/1r5jyql
1r5av8j,I’m tired of gambling on 100+ dollar figures….,Front-Masterpiece-73,Quality Issues,2026-02-15T09:56:39.000Z,"Finally got my Batman Beyond after haggling with my shippers…. And boom two left arms!   In addition to BOTH biceps being completely stuck. And in the process of heating them up the spikes wilted.  Now some of you may call me stupid for letting the spikes wilt, but when I’m buying a figure that’s around $100 I shouldn’t have to be an expert in fixing figures that arrive broken.  And as for the arms… What the heck am I supposed to do? I can’t get another arm from Kaiyodo without shell out $100!  ",/r/AmazingYamaguchi/comments/1r5av8j/im_tired_of_gambling_on_100_dollar_figures/,https://www.reddit.com/gallery/1r5av8j
1r2rkbe,CAN SOMEONE TELL ME HOW THE FUCK DO I FIX THIS IT KEEPS COMING OFF,Puzzled_Scallion_245,Quality Issues,2026-02-12T12:00:01.000Z,I've tried putting the ball in hot water it don't work. Nail polish dosent work. Pls help,/r/AmazingYamaguchi/comments/1r2rkbe/can_someone_tell_me_how_the_fuck_do_i_fix_this_it/,https://i.redd.it/shl7z8prz1jg1.jpeg
1r0rtfj,Should I be worried is amazing yamaguchi's erens butterfly joint defected,Plenty_Play2130,Quality Issues,2026-02-10T05:04:26.000Z,nothing wrong with the figure at all but I can't help but notice this part looks a little out words this specific part doesn't look that bad when I push it back but looks like this when move the joint forward,/r/AmazingYamaguchi/comments/1r0rtfj/should_i_be_worried_is_amazing_yamaguchis_erens/,https://i.redd.it/dsjnyjssnlig1.png
1quluq1,Need help!,Low_hanger_died,Quality Issues,2026-02-03T07:44:24.000Z,Could the joint I circled replace the head joint in my alucard figure,/r/AmazingYamaguchi/comments/1quluq1/need_help/,https://www.reddit.com/gallery/1quluq1
1qsnh6k,Hey guys I need help. I recently broke this piece off my psylockes accessory but it was super soft rubber and i glued it back and it looks brand new. But when I tried to clean some excess glue off of the part i accidentally got some toilet paper on it. Does anyone know how to make it look nice?,Alexhaddad400,Quality Issues,2026-02-01T03:38:23.000Z,,/r/AmazingYamaguchi/comments/1qsnh6k/hey_guys_i_need_help_i_recently_broke_this_piece/,https://www.reddit.com/gallery/1qsnh6k
1qscmyh,Batman beyond QC 🫩,National-Flamingo637,Quality Issues,2026-01-31T20:02:49.000Z,How do I fix this? 😭,/r/AmazingYamaguchi/comments/1qscmyh/batman_beyond_qc/,https://i.redd.it/7plvo9cwqqgg1.jpeg
1qqofjh,Yall be careful,EitherTechnology2544,Quality Issues,2026-01-29T23:15:40.000Z,"ive had her for 3 weeks and havent played with her in like 3 days, and as soon as i get some poses in this happened...",/r/AmazingYamaguchi/comments/1qqofjh/yall_be_careful/,https://i.redd.it/bifkbawjfdgg1.jpeg
1qq4s0f,How’s his joint after few years? Monster Hunter,IronLeague24,Quality Issues,2026-01-29T10:12:59.000Z,Finally pulled the trigger from oversea seller eventho capcom license price is horrible. Because I kept my Moon Knight well but slowly his legs became loose as well,/r/AmazingYamaguchi/comments/1qq4s0f/hows_his_joint_after_few_years_monster_hunter/,https://i.redd.it/8wagcnwwj9gg1.jpeg
1qp227d,I need help with my psylocke. So far this figure has been great. But I have 1 major issue. I underestimated the durability of this tiny piece of plastic. In the instructions sheet it shows that I can pull this off piece off. Can I use super glue to fix it? The part is still attached but it’s loose.,Alexhaddad400,Quality Issues,2026-01-28T05:01:20.000Z,,/r/AmazingYamaguchi/comments/1qp227d/i_need_help_with_my_psylocke_so_far_this_figure/,https://v.redd.it/xonaf36av0gg1
1qoyomj,I need help with a joint on my psylocke on the left side the shoulder joint is flushed in the hole sitting well. The right sides joint is sticking out a bit. It’s definitely loose but not super loose but does anyone know how I can push it in all the way without breaking the joint?,Alexhaddad400,Quality Issues,2026-01-28T02:27:29.000Z,,/r/AmazingYamaguchi/comments/1qoyomj/i_need_help_with_a_joint_on_my_psylocke_on_the/,https://www.reddit.com/gallery/1qoyomj
1qoejgn,Revoltech's yellow,familyfriendlyvnmese,Quality Issues,2026-01-27T13:57:35.000Z,"I owned saitama and batman beyond and I noticed that parts that are painted yellow tend to crack, batman has the fire effect that tends to crack and saitama's knee also tend to crack, is it the same for other figures?",/r/AmazingYamaguchi/comments/1qoejgn/revoltechs_yellow/,https://www.reddit.com/r/AmazingYamaguchi/comments/1qoejgn/revoltechs_yellow/
1qnsn44,Is anybody willing to sell me a broken amazing yamaguchi all might.,Plenty_Play2130,Quality Issues,2026-01-26T20:55:24.000Z,I had the fig for a while in recently the leg break looking for a placement so if anybody is willing to sell me there amazing yamaguchi missing piece or broken all might I Will be willing to buy and replace it,/r/AmazingYamaguchi/comments/1qnsn44/is_anybody_willing_to_sell_me_a_broken_amazing/,https://i.redd.it/cmic4y4sbrfg1.png
1qiejmg,Got hit by the QC,NeoGmrXx,Quality Issues,2026-01-20T21:43:16.000Z,"I'm just posting here because I really love this figure, It's solid, fun and made me buy some others AY. However, I picked it up, slightly touched his left hand and it just snapped, without force, like getting hit by a breathe of wind, no crack. I'm relieved that they include some replacements and now I'm scared of touching them",/r/AmazingYamaguchi/comments/1qiejmg/got_hit_by_the_qc/,https://www.reddit.com/gallery/1qiejmg
1qh7xpa,Help removing broken peg from hand,Aggressive-Ferret-32,Quality Issues,2026-01-19T15:56:00.000Z,"Got juri a few days ago from hobby genki, and her hand peg was broken in the box. I was able to get the peg out of her arm and put in the replacement peg, but can't get the broken piece out of her hand. Any help would be greatly appreciated",/r/AmazingYamaguchi/comments/1qh7xpa/help_removing_broken_peg_from_hand/,https://www.reddit.com/gallery/1qh7xpa
1qgppyt,They gotta get their shit together,Spare_Efficiency4368,Quality Issues,2026-01-19T00:52:00.000Z,"I heated it up to take the arms off to fix the frozen bicep, now it won’t go back in and I WASHED THE FUCKING GLOSS FINISH OFF",/r/AmazingYamaguchi/comments/1qgppyt/they_gotta_get_their_shit_together/,https://i.redd.it/pj3ixpppe7eg1.jpeg
1qfxume,Is this a common problem with Batman Beyond?,Deen9030,Quality Issues,2026-01-18T03:40:06.000Z,I haven't seen anyone mention this problem before so I might have just gotten struck with bad qc,/r/AmazingYamaguchi/comments/1qfxume/is_this_a_common_problem_with_batman_beyond/,https://i.redd.it/v1nc6gfs31eg1.jpeg
1qa221k,First Revoltech and….,Lower_Hospital_2705,Quality Issues,2026-01-11T15:25:11.000Z,"I just got revoltech Juri and while I have heard of some of the QC issues with the Revoltech brand as a whole, I didn’t think it was this bad. Out of the box she looked great, like I had one of ones with no QC issues but once I start swapping the face sculpts around that’s when I get my dose of Revoltech QC, only two of the five (got the preorder bonus) of the face sculpts actually fit the hair piece, one of the ones that didn’t WAS the preorder bonus. Another issues that I saw when trying out t",/r/AmazingYamaguchi/comments/1qa221k/first_revoltech_and/,https://i.redd.it/iwmkuxf7nqcg1.jpeg
1q8q29b,Spiderman 2.0 QC,AdIntelligent2524,Quality Issues,2026-01-10T01:00:09.000Z,"Hello, this is my first post so I don’t really know the proper way of doing this but I had a question concerning the Spiderman 2.0  I’ve owned this figure for a little over a year and have really enjoyed it. However since first receiving him the left arm constantly pops out and it annoys me very much. I was wondering if any of you fine redditors have had this issue, and mainly if anyone has found a fix/solution to keep the arm from popping out. I’ve tried using paper to add friction as you can k",/r/AmazingYamaguchi/comments/1q8q29b/spiderman_20_qc/,https://www.reddit.com/gallery/1q8q29b
1q7zoyf,Question/ help,Loaded_ghost,Quality Issues,2026-01-09T05:23:03.000Z,Hello! I’m new to collecting Revotech I just bought my first Revotech (Chun Li) and I was trying to put shock oil into the thighs and my knee came apart. Like is this joint supposed to be glued in? If so what would be the best fix for this? ,/r/AmazingYamaguchi/comments/1q7zoyf/question_help/,https://www.reddit.com/gallery/1q7zoyf
1q3mc99,Help me with my revoltech deku issues please 😁,remakfallofcybertron,Quality Issues,2026-01-04T10:07:15.000Z,1st thing is his right leg has scuffs are it so I was wondering how I can fix it   And second his left arms hand peg will not  go into the fiat hand and I'm not sure how to get it inside of it❓️😁,/r/AmazingYamaguchi/comments/1q3mc99/help_me_with_my_revoltech_deku_issues_please/,https://i.redd.it/muylmki34bbg1.jpeg
1q2kdun,Got Juri Han but...,N7Destroyah,Quality Issues,2026-01-03T03:59:28.000Z,"Even when you use heat, or use shock oil...you get the same damn issues.  Solid figure but...why is it the same issues all the time?",/r/AmazingYamaguchi/comments/1q2kdun/got_juri_han_but/,https://www.reddit.com/gallery/1q2kdun
1q0r616,I need help with tight joints,National-Flamingo637,Quality Issues,2026-01-01T00:15:34.000Z,"My revoltech Batman beyond leg is tight and I can move it (i have a feeling it could pop out and not come pop in), but whenever I move the leg, the leg squeaks. I need help finding a way to loosen the leg.",/r/AmazingYamaguchi/comments/1q0r616/i_need_help_with_tight_joints/,https://i.redd.it/nsi37j6ormag1.jpeg
1pzc8cg,This Gorgeous Chun-Li Figure is my first AY Figure and It’s such a shame the peg to her faceplate broke off while swapping,Proof-Performance-55,Quality Issues,2025-12-30T07:53:18.000Z,"Aside from the insanely tight thigh swivel ( which I fixed with boiling hot water ) she was riddled with issues. Her bracelets were stuck to her wrists and left stains when I finally was able to move them.  Then her right shoulder was loose out of the box. Not a big deal. While I decided to pose her and enjoy this beautiful figure, I noticed her faceplates were insanely tight and hard to swap.   Well… after taking the last photo I tried to swap a face and the peg came off and is stuck to the fac",/r/AmazingYamaguchi/comments/1pzc8cg/this_gorgeous_chunli_figure_is_my_first_ay_figure/,https://www.reddit.com/gallery/1pzc8cg
1pwp96h,Need help,Boring-Level-5316,Quality Issues,2025-12-27T04:58:27.000Z,"I just received my Amazing Yamaguchi Batman Beyond from BBTS on the 21st. Well I just now opened the fig and I was trying to switch the default head to the angry head. When I popped off the default head a piece inside broke and got stuck on the peg. In the first slide u can see the peg, the second shows the broken head, and the last shows what the head should look like. I already emailed asking for a replacement as I wasn’t man handling the fig. I had it open for less than 5 mins and just wanted",/r/AmazingYamaguchi/comments/1pwp96h/need_help/,https://www.reddit.com/gallery/1pwp96h
1pwnbmg,Does anyone have this?,Skelton008,Quality Issues,2025-12-27T03:20:32.000Z,"Hey, so i’m looking for a left leg for amazing yamaguchi deadpool 2.5. what happen is i got the qc where the leg falls off so easily and i tried fixing it from a method i saw from youtube and it just made it 100x worse and now im looking for someone selling a left leg for him. I bought a bootleg to try replacing it but it was loose as well.. now im depressed 🥲",/r/AmazingYamaguchi/comments/1pwnbmg/does_anyone_have_this/,https://www.reddit.com/r/AmazingYamaguchi/comments/1pwnbmg/does_anyone_have_this/
1ptndm3,How would you fix this Arkham Knight 1.5 leg?,archonpho,Quality Issues,2025-12-23T06:57:23.000Z,It came like this right out of the box.  I believe it is authentic.,/r/AmazingYamaguchi/comments/1ptndm3/how_would_you_fix_this_arkham_knight_15_leg/,https://www.reddit.com/gallery/1ptndm3
1pt1c6h,how do I fix this loose joint?,Shae_lol,Quality Issues,2025-12-22T14:46:49.000Z,"The shoulder joint on my genos, its loose, the fitting on the body and the shoulder pad is fine but the ball joint itself in the middle where it’s attached is loose any fixes? ",/r/AmazingYamaguchi/comments/1pt1c6h/how_do_i_fix_this_loose_joint/,https://v.redd.it/jdq67b01qr8g1
1pkg616,I was posing one of my figs when this happened,Familiar-Hurry7151,Quality Issues,2025-12-12T02:22:53.000Z,This sucks and i dont even know why it happened it just suddenly broke. I dont know what to do but ill probably just glue it back on using model kit glue or something i hope it works ,/r/AmazingYamaguchi/comments/1pkg616/i_was_posing_one_of_my_figs_when_this_happened/,https://www.reddit.com/gallery/1pkg616
1pfvnmn,any ideas?,autumnal13,Quality Issues,2025-12-06T18:04:05.000Z,any chance i can get this off her chin? kinda bummed as its on the bonus set face and i waited extra long for this figure because of that. i tried rubbing alcohol with a q-tip but no luck. any suggestions would be greatly appreciated ,/r/AmazingYamaguchi/comments/1pfvnmn/any_ideas/,https://i.redd.it/h70fq9qqim5g1.jpeg
1pc144g,Is this cap legit?,quilluwu,Quality Issues,2025-12-02T06:15:15.000Z,Can't find info on any captain america bootlegs but the faces look off ,/r/AmazingYamaguchi/comments/1pc144g/is_this_cap_legit/,https://www.reddit.com/gallery/1pc144g
1pbm9kj,Is this a bad QC or a Bootleg of this figure is released?,MACRO_9,Quality Issues,2025-12-01T19:28:49.000Z,"The teeth gritting Faceplate is weird and bad compared to the other Faceplates, is there anybody else experiencing  this issue?  Note: Sorry for the other post that got deleted appearently the pictures didnt work.",/r/AmazingYamaguchi/comments/1pbm9kj/is_this_a_bad_qc_or_a_bootleg_of_this_figure_is/,https://www.reddit.com/gallery/1pbm9kj
1p8ns03,Anyone know how to fix the looseness on the lower body as well as tightening the leg?,No_Marzipan5312,Quality Issues,2025-11-28T06:24:12.000Z,,/r/AmazingYamaguchi/comments/1p8ns03/anyone_know_how_to_fix_the_looseness_on_the_lower/,https://v.redd.it/wfnpo4kkyx3g1
1p8ajk1,She's Fixed!,BigMystic7,Quality Issues,2025-11-27T19:15:41.000Z,Made on old post a couple weeks ago about getting her with two left arms. I got her from Ali Express and the seller indeed sent a replacement part for her and now I can keep her out of her box. I also fixed her thigh swivels from being stuck. Now I wait for Juri 😆,/r/AmazingYamaguchi/comments/1p8ajk1/shes_fixed/,https://www.reddit.com/gallery/1p8ajk1
1p82jex,Help with Arm Issue,Less-Pirate-5509,Quality Issues,2025-11-27T13:44:01.000Z,I prayed that my first ever figure in this line would bless me with no QC issues but here I am. I’m new to the line so I would like some help if possible. It’s not the joint itself but rather the part that connects the arm to the joint. ,/r/AmazingYamaguchi/comments/1p82jex/help_with_arm_issue/,https://i.redd.it/qxvpc8150t3g1.jpeg
1p5et5l,Does anyone know how to take out this amazing yamaguchi venoms leg and place it correctly? It came this way 😑,Dinosaur_fan_boy,Quality Issues,2025-11-24T11:38:12.000Z,,/r/AmazingYamaguchi/comments/1p5et5l/does_anyone_know_how_to_take_out_this_amazing/,https://www.reddit.com/gallery/1p5dyg4
1oz0cp1,Ayane is here but....,N7Destroyah,Quality Issues,2025-11-16T23:16:14.000Z,"Got Ayane, but she has QC issues.  You have to swap the upper thigh because they are backwards. Her little peg in piece for her hilt snapped almost instantly and looks like they didn't put enough glue on the peg for her leg.  And yes, I do gently heat my figures before I start posing. But yeah...should be an easy fix right? ",/r/AmazingYamaguchi/comments/1oz0cp1/ayane_is_here_but/,https://www.reddit.com/gallery/1oz0cp1
1ooloqd,My ay carnage neck piece broke and i need help getting it out,Familiar-Hurry7151,Quality Issues,2025-11-04T22:37:21.000Z,I dont know what to do but i need help and i would really appreciate it ty,/r/AmazingYamaguchi/comments/1ooloqd/my_ay_carnage_neck_piece_broke_and_i_need_help/,https://i.redd.it/u6q3rdmbibzf1.jpeg
1ol534d,Please help,defeatedpenguins,Quality Issues,2025-10-31T20:16:42.000Z,First Revoltech. Didn’t even have it out the box a minute when I went to bend the arm it broke off and the joint is stuck in the arm. What can I do to fix this? So bummed out,/r/AmazingYamaguchi/comments/1ol534d/please_help/,https://www.reddit.com/gallery/1ol534d
1ogto23,First Revoltech NEED HELP,Visual-Difficulty375,Quality Issues,2025-10-26T19:33:19.000Z,"I got this guy a week ago and I was enjoying my time posing him. However, not being familiar with Revoltechs I must have bent the join near his shin to hard. Anyway to fix?   Edit: I got a KO leg from my uncle who also collects figures and it works fine now! ",/r/AmazingYamaguchi/comments/1ogto23/first_revoltech_need_help/,https://www.reddit.com/gallery/1ogto23
1oce4ua,How do I fix this?,Careful-Ordinary2373,Quality Issues,2025-10-21T14:15:03.000Z,"I tried switching the kneepads of my Arkham Knight and the joint split into two, I know it can be reconnected but I can't find a way to reattach it",/r/AmazingYamaguchi/comments/1oce4ua/how_do_i_fix_this/,https://www.reddit.com/gallery/1oce4ua
1o9freh,Broken Joint,DhamianConH,Quality Issues,2025-10-17T22:53:29.000Z,"Hello guys, the shoulder joint of my Izuku figure has broke, so i take it out before it gets stuck inside. Ive been looking for a replacement for days on Aliexpress and i just cant find anything. There are any solutions to this? I appreciate any help.",/r/AmazingYamaguchi/comments/1o9freh/broken_joint/,https://www.reddit.com/gallery/1o9freh
1o47z2h,Revoltech Himiko Toga,Relevant-Prompt-1647,Quality Issues,2025-10-11T21:56:11.000Z,So my Revoltech Toga’s underwear piece is very extremely close to snapping in half and I was wondering if there was anything I could do or to just let it snap in half and try to super glue it back together.,/r/AmazingYamaguchi/comments/1o47z2h/revoltech_himiko_toga/,https://www.reddit.com/r/AmazingYamaguchi/comments/1o47z2h/revoltech_himiko_toga/
1nxa8zr,AY Revoltech Chun Li QC issues - Broken out of the box,Startled_Kirby,Quality Issues,2025-10-03T20:28:28.000Z,"We all know about the fucked up thigh swivel but mine actually came with a fully broken shoulder joint. I contacted Nin Nin Support but they are just trying to file a claim with the shipping company through my ticket, not helpful at all. Anyone got an idea what I could do? Sorry if this post is doodoo slop",/r/AmazingYamaguchi/comments/1nxa8zr/ay_revoltech_chun_li_qc_issues_broken_out_of_the/,https://i.redd.it/h61w0zo0iysf1.jpeg
1nurd9t,How to fix?,heavyengine2,Quality Issues,2025-09-30T22:31:55.000Z,,/r/AmazingYamaguchi/comments/1nurd9t/how_to_fix/,https://v.redd.it/dl85xy1bpdsf1
1npnsom,Missing?,fbvvv,Quality Issues,2025-09-24T20:56:01.000Z,"I got my new Chun li figure and I think they forgot something, can anyone let me know ",/r/AmazingYamaguchi/comments/1npnsom/missing/,https://i.redd.it/g2cuup6ve6rf1.jpeg
1nm9yck,"AY Spiderman leg popped off, wont go back on",Stock_Entertainer_86,Quality Issues,2025-09-20T21:21:42.000Z,"  Context: I was messing around with the figure, did some normal leg movement. I tested the kickback articulation, and this thing just popped off.  It was tightly on there before, but now it just refuses to go back in tightly. I’ve tried wrapping some plastic-wrap/tissue around the peg but it didn’t work. How can I fix this?",/r/AmazingYamaguchi/comments/1nm9yck/ay_spiderman_leg_popped_off_wont_go_back_on/,https://www.reddit.com/gallery/1nm9yck
1nl2kez,Revoltech Agent Venom,Hopeful-Gain-3591,Quality Issues,2025-09-19T12:44:47.000Z,"First post here, was told to come here and ask yall about it. So basically I bought my first revoltech figure last week, and it arrived this monday. I had bought it second hand, so the guy that bought the figure bought it from someone else, but that shouldn’t affect the quality as the figure was completely sealed and every accessory was in the correct spot. I don’t know if revoltechs are supposed to do this but i noticed some articulation near his shin area, so i started gently wiggling it, and ",/r/AmazingYamaguchi/comments/1nl2kez/revoltech_agent_venom/,https://www.reddit.com/gallery/1nl2kez
1nk8esv,AY Revoltech Female Titan QC Issue (double right hip piece),Strisciaverde,Quality Issues,2025-09-18T13:32:36.000Z,"So, I recently picked up the Amazing Yamaguchi Revoltech Female Titan and noticed a pretty frustrating QC issue. The small piece that connects between the crotch/diaper area and the upper leg on the left side is actually the right side piece duplicated. In other words, my figure has two right-side connectors instead of a left and a right.  Functionally, the joints still move fine and the articulation isn’t compromised, but aesthetically it’s off. Once you notice it, you can’t unsee it. And hones",/r/AmazingYamaguchi/comments/1nk8esv/ay_revoltech_female_titan_qc_issue_double_right/,https://www.reddit.com/gallery/1nk8esv
1njw69l,Bad QC on Revoltech Himiko Toga,rebell_scumm,Quality Issues,2025-09-18T02:10:43.000Z,"Guys, I'm not trying to hate on Revoltech or anything but this is pretty bad and I'm so disappointed. Received Toga from Nin Nin Game last Monday, and after just opening it today I started to notice some very bad QC on the figure.  For starters, the figure was (and still is) very tight on the joints, like to the point that you hear them squeaking from across the room. I now how to loosen up joints so not much of an issue there in the long run. Secondly, the figure came with an awful amount of st",/r/AmazingYamaguchi/comments/1njw69l/bad_qc_on_revoltech_himiko_toga/,https://www.reddit.com/gallery/1njw69l
1ngzfhq,How to fix? (Agent Venom),jbmsicat,Quality Issues,2025-09-14T18:50:25.000Z,I need help. The right trigger hand came with the peg stem end stuck inside. How can I safely remove it? Thanks!,/r/AmazingYamaguchi/comments/1ngzfhq/how_to_fix_agent_venom/,https://i.redd.it/lrjl334cf6pf1.jpeg
1ngggga,Why did they seal it with a Kaiyodo sticker,keehartwo,Quality Issues,2025-09-14T03:13:00.000Z,"I got the batman beyond recently and it was sealed with a Kaiyodo sticker, 1st thing that seem different to me the quality of plastic for the head why is it soft and when i swapped the heads the connector piece came with the ball joint.",/r/AmazingYamaguchi/comments/1ngggga/why_did_they_seal_it_with_a_kaiyodo_sticker/,https://www.reddit.com/r/AmazingYamaguchi/comments/1ngggga/why_did_they_seal_it_with_a_kaiyodo_sticker/
1nd33xz,Black Panther Knee Help,ahebu,Quality Issues,2025-09-10T03:00:57.000Z,"Hey Yall, need some help. How do I fix this loose joint on black panther? Not broken and completely fine to plug back in but super loose. I don’t have Kiki’s, should I just order that or is there any at home remedy’s?",/r/AmazingYamaguchi/comments/1nd33xz/black_panther_knee_help/,https://i.redd.it/pshr392b69of1.jpeg
1ncubfo,Has this ever happened to any one before or is this a scam?,PrimalCosplay,Quality Issues,2025-09-09T20:34:35.000Z,"I bought another one of these from an ebay seller (decent feedback) brand new with the intention of making a custom, it was slightly cheaper then most listings but upon opening the box i noticed 4 of his alt hands were missing AND his leg was fucking broken, he doesnt even have the right hands on his arms.  Heres the main issue tho, i could’ve sworn the box wasn’t opened beforehand, the halo graphic labeling tape looked untouched from before i opened the box. And no its not a bootleg i can tell ",/r/AmazingYamaguchi/comments/1ncubfo/has_this_ever_happened_to_any_one_before_or_is/,https://www.reddit.com/gallery/1ncubfo
1nayxmh,how do I fix agent venoms loose hand,TitanPlungerCamman,Quality Issues,2025-09-07T17:16:15.000Z,I just got this for my birthday and it was good but the hands stick on the peg and yes I did try the extras but it keeps happening and the pointy tentacles that plug in at the end so I'm wonder how I fix this that's semi permanent or permanent. ,/r/AmazingYamaguchi/comments/1nayxmh/how_do_i_fix_agent_venoms_loose_hand/,https://www.reddit.com/r/AmazingYamaguchi/comments/1nayxmh/how_do_i_fix_agent_venoms_loose_hand/
1n81h37,Revoltech deku help,ProfessorLast-2187,Quality Issues,2025-09-04T05:13:04.000Z,"Hi guy i need help with my revoltech figure deku due to its wrist peg not fitting in properly anymore and keeps getting out the hole, i tried to put superglue method on the hole then wait for it to dry to put it back, it worked for awhile then got out again. then i tried to drill and now it won't fit anymore and keeps getting out idk wut to do and how to fix it please help!!(also this is the left arm of the fig)  ",/r/AmazingYamaguchi/comments/1n81h37/revoltech_deku_help/,https://www.reddit.com/r/AmazingYamaguchi/comments/1n81h37/revoltech_deku_help/
1n5nwft,"Wider gaps, Neck that's a little loose, and a very loose right butterfly joint. How to fix?",ManyIll9485,Quality Issues,2025-09-01T12:53:43.000Z,"Hello everyone, I just wanted to ask on any advice on how to fix the issues stated in the title. You see, I managed to pre-order Saitama last year, but when I got my copy, it had a bit of issues, but I managed to fix them a bit by following the advice people gave me here (which I am still very thankful for :D). However, My copy was slowly showing other qc issues, despite me not really messing with the figure much. So, I somehow managed to get a new copy, and it arrived before my old copy was shi",/r/AmazingYamaguchi/comments/1n5nwft/wider_gaps_neck_thats_a_little_loose_and_a_very/,https://www.reddit.com/gallery/1n5nwft
1n3k8oj,Batman beyond QC issue help,Borregita_69,Quality Issues,2025-08-29T21:47:01.000Z,I just recently got the Batman beyond figure and everything was fine with it except the head. When I tried to change the head the peg wouldn’t connect to the head and would keep falling off. Anyone know how I can fix this?,/r/AmazingYamaguchi/comments/1n3k8oj/batman_beyond_qc_issue_help/,https://www.reddit.com/r/AmazingYamaguchi/comments/1n3k8oj/batman_beyond_qc_issue_help/
1n2tnbf,Arm Socket popping off,JLYCIL,Quality Issues,2025-08-29T00:57:16.000Z,"For context, I bought an AY Endeavor like 2-3 weeks ago, off of TokuCollectibles. It had a defect from the beginning, but I wanted to hold off on contacting the company so I could try to fix it myself.  I got some ideas on what I should do, so I’m trying different things. Step by step.  The arm on the right, keeps popping off the ball joint. Not sure Whats wrong with it, or if it’s the socket or ball joint.  Any ideas on how to fix it? It pops off easily, and you can’t even pose much with it.  T",/r/AmazingYamaguchi/comments/1n2tnbf/arm_socket_popping_off/,https://www.reddit.com/gallery/1n2tnbf
1n13a1q,Broken hip joint CARNAGE,marcus__daniel,Quality Issues,2025-08-27T00:56:00.000Z,"Does anyone know where I can get a donor hip joint? I heard the KOs use a different hip system, desperately looking for a fix for this figure. ",/r/AmazingYamaguchi/comments/1n13a1q/broken_hip_joint_carnage/,https://www.reddit.com/gallery/1n13a1q
1n0yipg,All Might Knee Problem???,JLYCIL,Quality Issues,2025-08-26T21:30:08.000Z,"Not sure if this is normal or if I should be concerned? I don’t think It’s normal, but just to be safe, I’d like to know if anybody else has had any experience similar to this? Is this an issue and if so, is it fixable?  Help is very much appreciated! Thanks! :)",/r/AmazingYamaguchi/comments/1n0yipg/all_might_knee_problem/,https://i.redd.it/71qyg3nimflf1.jpeg
1mlppue,WAR MACHINE,montcychen,Quality Issues,2025-08-09T13:40:53.000Z,,/r/AmazingYamaguchi/comments/1mlppue/war_machine/,https://i.redd.it/op9hc8h8zzhf1.png
1mf9zld,HELP NEEDED!,Informal_Tree_5550,Quality Issues,2025-08-01T22:17:39.000Z,Just got this Hawks from a seller on Mercari and not even 5 minutes out of the box I broke it. I had no idea the arm range was that limited. 😭 Does anyone know where to get replacement pegs or something?,/r/AmazingYamaguchi/comments/1mf9zld/help_needed/,https://www.reddit.com/gallery/1mf9zld
1mdelix,Does anyone know how to help?,Ok_Trust6529,Quality Issues,2025-07-30T18:35:23.000Z,Just got my agent venom in yesterday and one of mounts was broken off inside the hand. Does anyone know how to get it out? ,/r/AmazingYamaguchi/comments/1mdelix/does_anyone_know_how_to_help/,https://i.redd.it/9umbfrfq22gf1.jpeg
1md1gy7,Deadpool 2.5 Quality issues,Therotijohn,Quality Issues,2025-07-30T08:53:54.000Z,"My girl just got me the Deadpool 2.5 and I was really psyched about it, till I wasnt. The figure is amazing from its sculpt to access but the problem came when I started to pose it.   The legs popped off so easily and the holster just dropped out as well??? Looks like the glue dried or something. And its only be like an hour tryna figure out this guy and i already notice the plastic is starting wear at the joints??  Kinda disappointed that my girl had to spend her hard earned money for the figur",/r/AmazingYamaguchi/comments/1md1gy7/deadpool_25_quality_issues/,https://www.reddit.com/gallery/1md1gy7
1mclw6y,Spider-Man thigh joints,Spare_Efficiency4368,Quality Issues,2025-07-29T20:02:51.000Z,It’ll stay popped in until I move it even a tiny bit any tips? I’ve tried glue,/r/AmazingYamaguchi/comments/1mclw6y/spiderman_thigh_joints/,https://i.redd.it/8udggdffdvff1.jpeg
1m7rt7n,Collecting for 6-7 years and bought Reissue of agent venom and have had problems….,Hagarrox5,Quality Issues,2025-07-24T01:52:53.000Z,"( just to clarify i am not a new collector, i’ve been collecting for 6-7 years now) Just got agent venom after like a 2 month wait from bbts but i’ve already had some problems including the ball joints in the last picture popping off constantly, The pegs from the agent venom symbiote arms are SNAPPING in half and will not get out, pretty sure it’s beyond  refund or exchange but if it isn’t please say, and if the ct toys symbiote arms work with the amazing yamaguchi arms i would like to know befo",/r/AmazingYamaguchi/comments/1m7rt7n/collecting_for_67_years_and_bought_reissue_of/,https://www.reddit.com/gallery/1m7rt7n
1m0zwwe,Anybody knows how to fix this?,luckychaingan,Quality Issues,2025-07-16T01:33:56.000Z,"His crotch piece doesn’t wanna stay in one place like the other figures do. I haven’t had this issue with any of their other releases, only this one. Anybody know a fix?",/r/AmazingYamaguchi/comments/1m0zwwe/anybody_knows_how_to_fix_this/,https://v.redd.it/yks854zo35df1
1m02hw3,Revoltech needs to lock in,ConstructionEastern1,Quality Issues,2025-07-14T23:45:23.000Z,Revoltech QC is buns! Thigh swivel was stuck due to the paint fusing both part together. Pulled them apart and back on which fixed the issue. If you have the same problem maybe try this method. Hope this helps.,/r/AmazingYamaguchi/comments/1m02hw3/revoltech_needs_to_lock_in/,https://www.reddit.com/gallery/1m02hw3
1lx3mff,Help!!!,Key_Toe700,Quality Issues,2025-07-11T10:43:07.000Z,I cannot switch heads as the this plastic thingy is stuck in one of the heads and won’t come out how are ways I can remove it?,/r/AmazingYamaguchi/comments/1lx3mff/help/,https://i.redd.it/ugjhqnq558cf1.jpeg
1lwv7wb,Should I ask for a replacement on hobby genki or Super glue it,poop123595,Quality Issues,2025-07-11T02:20:11.000Z,Or should I should I superglue it?,/r/AmazingYamaguchi/comments/1lwv7wb/should_i_ask_for_a_replacement_on_hobby_genki_or/,https://www.reddit.com/gallery/1lwv7wb
1lwus95,One Punch Cape Help,STARTERT9,Quality Issues,2025-07-11T01:59:05.000Z,I got saitama and he’s legit my #1 grail but I noticed this issue with my cape. I think these little pegs stick into the holes on the plastic part but they weren’t staying in. Keep in mind I legit posed him for like 5 min and didn’t do anything crazy. But I looked at it and I think the cloth got glued onto the peg so it wouldn’t fit. I’ve done everything I can to file or cut away the fabric and heated it up and cooled it down and it still just falls out on the slightest tug. I’m thinking of putt,/r/AmazingYamaguchi/comments/1lwus95/one_punch_cape_help/,https://www.reddit.com/gallery/1lwus95
1lush74,"I got my first revoltech figure, but this joint is kinda squeeky, i tried lubbing with a toothpick, but i cant get in there, anyone has any ideas how i can lube it? Sry if its a dumb question 😭",sergexz,Quality Issues,2025-07-08T16:03:19.000Z,,/r/AmazingYamaguchi/comments/1lush74/i_got_my_first_revoltech_figure_but_this_joint_is/,https://i.redd.it/irf1tlrjbobf1.jpeg
1lu68h2,"Stuck joint.😭 been trying hot water, blow drier, nothing. Anybody else got any ideas? Can I take out the joint?",luckychaingan,Quality Issues,2025-07-07T21:13:33.000Z,,/r/AmazingYamaguchi/comments/1lu68h2/stuck_joint_been_trying_hot_water_blow_drier/,https://i.redd.it/0luv4nizpibf1.jpeg
1lquzx1,Revolted Mirko stuck join,DorkVader_1,Quality Issues,2025-07-03T17:08:06.000Z,I just got Mirko and the thigh swivel on both legs is stuck it won’t move at all. What do I do to fix this?,/r/AmazingYamaguchi/comments/1lquzx1/revolted_mirko_stuck_join/,https://i.redd.it/n1gd9prjyoaf1.jpeg
1l8ftdb,Been trying to fix this for ages,Reflex_jack,Quality Issues,2025-06-11T01:06:35.000Z,"Nail polish doesn’t work, paper doesn’t work, I bought some glue arriving Friday and was wondering if that would fix it with keeping the articulation somehow? Not seen any proper fix to this issue.",/r/AmazingYamaguchi/comments/1l8ftdb/been_trying_to_fix_this_for_ages/,https://i.redd.it/4dja2f4y676f1.jpeg
1l1rkde,Flash's leg keeps popping off,ansarro,Quality Issues,2025-06-02T19:42:08.000Z,"So I've been having this issue with Flash's right leg that keeps popping off everytime I move it, even a bit. Tried to ignore the problem but it's getting frustrating. Can y'all help me with it? FYI It's the first issue of the figure, not this year's reissue",/r/AmazingYamaguchi/comments/1l1rkde/flashs_leg_keeps_popping_off/,https://www.reddit.com/gallery/1l1rkde
1kvw71t,"Arkham Batman, this part was completly broke",Flaky-Celebration225,Quality Issues,2025-05-26T14:46:53.000Z,How can I take apart or fix it😥,/r/AmazingYamaguchi/comments/1kvw71t/arkham_batman_this_part_was_completly_broke/,https://i.redd.it/k2waqm9p253f1.jpeg
1kt9bzl,Got my 2.5 Deadpool but...,Prestigious_Fail_380,Quality Issues,2025-05-23T03:03:08.000Z,"I got this figure earlier this month and at first, I thought everything was fine. To my shock, I was lacking the extra hands and stand on my copy. I contacted Nin Nin about it and it took me 3 weeks for what I thought was a good solution.   The Nin Nin team contacted Kaiyodo about my issue and said they won't give me a replacement for the a figure with missing accesories.  Long story short, I got bummed out of the 2.5 Deadpool figure that it didn't come with the extra accessories and Nin Nin or ",/r/AmazingYamaguchi/comments/1kt9bzl/got_my_25_deadpool_but/,https://i.redd.it/0m49wkdf6g2f1.jpeg
1ksh5l5,Any recommendations for fixing?,claytonJ_2009,Quality Issues,2025-05-22T03:35:10.000Z,Was just posing my figure and went to bend at the shin joint and it fell off… should I get the ct version and try and replace the joint on it? Not worth it for me buying a replacement of the real figure. Any other thoughts?,/r/AmazingYamaguchi/comments/1ksh5l5/any_recommendations_for_fixing/,https://www.reddit.com/gallery/1ksh5l5
1kbw2xx,Any one know of good replacement pegs ?,GOOBGOB-,Quality Issues,2025-05-01T00:41:15.000Z,Just got flash and reverse flash and as you can see some of the pegs are cracked. Sadly one actually broke when I was inserting it. ,/r/AmazingYamaguchi/comments/1kbw2xx/any_one_know_of_good_replacement_pegs/,https://i.redd.it/j0a4sl32h2ye1.jpeg
1kbvcfj,"Help, it broke straight put of the box. Any good fixes?",goldenmem,Quality Issues,2025-05-01T00:04:27.000Z,"I've thought about gluing it but idk man, I kinda wanna try and save the already minimal articulation ",/r/AmazingYamaguchi/comments/1kbvcfj/help_it_broke_straight_put_of_the_box_any_good/,https://i.redd.it/n9xgotrha2ye1.jpeg
1k9hx59,Loose waist swivel,Evening_Agent7011,Quality Issues,2025-04-27T23:44:47.000Z,How do I tighten this?,/r/AmazingYamaguchi/comments/1k9hx59/loose_waist_swivel/,https://www.reddit.com/gallery/1k9hx59
1k99jvv,Arkham Knight right knee peg help! Has anyone had this issue before?,mqo1,Quality Issues,2025-04-27T17:34:29.000Z,"The peg on the right knee is jutting out at an angle, and won't sit flush - it makes the knee joint loose and leaves a gap. Does anyone have tips to fix this?  And a photo of a normal knee peg for this figure would be appreciated. Thanks !",/r/AmazingYamaguchi/comments/1k99jvv/arkham_knight_right_knee_peg_help_has_anyone_had/,https://www.reddit.com/gallery/1k99jvv
1k7dyri,Yamaguchi deadpool 2.5 loose leg fix video i made for anyone who wants to take a chance at it.,LastMonsoon,Quality Issues,2025-04-25T06:10:42.000Z,Sorry for the terrible quality 😭,/r/AmazingYamaguchi/comments/1k7dyri/yamaguchi_deadpool_25_loose_leg_fix_video_i_made/,https://youtu.be/hq9HoumXNxM?si=OT59_O176iinJTLz
1k46joe,Help,OhioTickler,Quality Issues,2025-04-21T06:05:03.000Z,New Deadpool came and the leg just keeps popping off. I don't know what to do and I can't return it. Any suggestions?,/r/AmazingYamaguchi/comments/1k46joe/help/,https://i.redd.it/qk5po99mp4we1.jpeg
1jsd8ym,Figure is great but the head/face segment is god awful,PrimalCosplay,Quality Issues,2025-04-05T20:46:47.000Z,"I haven’t been able to reattach the original head, i think ill have to lightly sand the hair peg, my heat too or something…",/r/AmazingYamaguchi/comments/1jsd8ym/figure_is_great_but_the_headface_segment_is_god/,https://www.reddit.com/gallery/1jsd8ym
1jsbk06,QC issue or normal?,jasonyuuu,Quality Issues,2025-04-05T19:32:04.000Z,"I’ve just about 4 Revoltech figures, but it seems like most of them have some kind of QC issue? Or is this the norm I should be expecting.  This Ryu Hayabusa’s knee joints come loose way too easily, and the right thigh swivel is way too tight. Any solutions that might help might fix those issues?  Thanks in advance 🙏🏻",/r/AmazingYamaguchi/comments/1jsbk06/qc_issue_or_normal/,https://i.redd.it/m6bp2eq3j2te1.jpeg
1js823n,Eren figure fist stuck on wrist peg,TeaAffectionate5880,Quality Issues,2025-04-05T17:00:50.000Z,https://preview.redd.it/j4h2f0bvq1te1.jpg?width=4080&amp;format=pjpg&amp;auto=webp&amp;s=e36f240a7dd32f1526bee326ddd1fe22474f9f54  Out of the box erens fist was on the wrong side of the wrist peg. The part with the extra ridge that helps the wrist connect securely to the arm is inside the fist and the smooth end that's usually supposed to connect to the hand is on the wrong side. I can't find a way to pull the fist off of it since it's connected so tightly. Luckily the figure came with a spare j,/r/AmazingYamaguchi/comments/1js823n/eren_figure_fist_stuck_on_wrist_peg/,https://www.reddit.com/r/AmazingYamaguchi/comments/1js823n/eren_figure_fist_stuck_on_wrist_peg/
1joqzkt,Ryu Hayabusa From AliExpress,BigMFChimpy,Quality Issues,2025-04-01T08:53:51.000Z,It was packaged beautifully in the Kaiyodo bubble wrap but I noticed it had a dent the size of a fucking 10 year old Temu Sweatshop worker on the back so I opened it and was upset to see this thing was put through an entire game of soccer. I am glad to say at least the bottom clam shell is unharmed and so is the figure itself. I'm upset about the box though I love putting the figures back up but damn idk what to do,/r/AmazingYamaguchi/comments/1joqzkt/ryu_hayabusa_from_aliexpress/,https://www.reddit.com/gallery/1joqzkt
1s2rlcb,Agent venoms Chest splitting apart??,peterporker0_0,Quality Issues,2026-03-24T21:48:38.000Z,"Hello! I was picking up my agent venom, he feel off my shelf not to high up and on carpeted floor when I sleeping but anyway, I went to repose him just not and I noticed it looks like his chest is coming apart, I honestly don’t know if this was here originally, I’m very thorough with checking my figures but tbh this would not have been something that I was keeping an eye out for.  If Anybody else with this issue or has seen it before and can tell me their experience I would greatly appreciate it",/r/AmazingYamaguchi/comments/1s2rlcb/agent_venoms_chest_splitting_apart/,https://i.redd.it/c5d0uj49d2rg1.jpeg
1s43bvf,Side to side hip/leg joint movement is loose but front and backward movement is tight,Borjz,Quality Issues,2026-03-26T10:06:01.000Z,"So I got the new Monster Hunter Zinogre armor revoltech, everything's fine but the horizontal movement of the legs. Any time I try to do a wide stand pose, he just does the splits. However the front and back movement is really tight. Is there any way to fix this?",/r/AmazingYamaguchi/comments/1s43bvf/side_to_side_hipleg_joint_movement_is_loose_but/,https://i.redd.it/vehqa83p5drg1.jpeg
1s2rlcb,Agent venoms Chest splitting apart??,peterporker0_0,Quality Issues,2026-03-24T21:48:38.000Z,"Hello! I was picking up my agent venom, he feel off my shelf not to high up and on carpeted floor when I sleeping but anyway, I went to repose him just not and I noticed it looks like his chest is coming apart, I honestly don’t know if this was here originally, I’m very thorough with checking my figures but tbh this would not have been something that I was keeping an eye out for.  If Anybody else with this issue or has seen it before and can tell me their experience I would greatly appreciate it",/r/AmazingYamaguchi/comments/1s2rlcb/agent_venoms_chest_splitting_apart/,https://i.redd.it/c5d0uj49d2rg1.jpeg
